type,rep,method,coverage,width,cov_low,cov_mid,cov_high
red,0,Split CP,0.8860294117647058,2.1915273666381836,0.45454545454545453,0.9502262443438914,0.65
red,0,Normalised CP,0.8786764705882353,2.7549442333793532,0.5454545454545454,0.9230769230769231,0.725
red,0,Mondrian CP,0.9007352941176471,2.3199875354766846,0.45454545454545453,0.9638009049773756,0.675
red,1,Split CP,0.9154411764705882,2.3443851470947266,0.25,0.956140350877193,0.875
red,1,Normalised CP,0.8897058823529411,2.3347948529576494,0.3333333333333333,0.9254385964912281,0.84375
red,1,Mondrian CP,0.9558823529411765,2.505204200744629,0.25,0.9868421052631579,1.0
red,2,Split CP,0.9080882352941176,2.4521265029907227,0.3333333333333333,0.9776785714285714,0.696969696969697
red,2,Normalised CP,0.9227941176470589,2.8744107615692527,0.6666666666666666,0.9553571428571429,0.8181818181818182
red,2,Mondrian CP,0.9117647058823529,2.4606688022613525,0.4666666666666667,0.9776785714285714,0.6666666666666666
red,3,Split CP,0.9117647058823529,2.26212215423584,0.26666666666666666,0.9774774774774775,0.7714285714285715
red,3,Normalised CP,0.9558823529411765,2.951911120471518,0.7333333333333333,0.9864864864864865,0.8571428571428571
red,3,Mondrian CP,0.9301470588235294,2.492846727371216,0.2,0.990990990990991,0.8571428571428571
red,4,Split CP,0.8933823529411765,2.166707992553711,0.2222222222222222,0.9598214285714286,0.8
red,4,Normalised CP,0.9301470588235294,2.7364224234919203,0.5,0.9732142857142857,0.8666666666666667
red,4,Mondrian CP,0.9080882352941176,2.260638952255249,0.16666666666666666,0.9776785714285714,0.8333333333333334
red,5,Split CP,0.9080882352941176,2.111575126647949,0.125,0.96875,0.725
red,5,Normalised CP,0.9080882352941176,3.013443782013872,0.75,0.9196428571428571,0.875
red,5,Mondrian CP,0.9338235294117647,2.3331432342529297,0.125,0.9642857142857143,0.925
red,6,Split CP,0.8933823529411765,2.1736745834350586,0.5384615384615384,0.9452054794520548,0.725
red,6,Normalised CP,0.9007352941176471,2.4239537294254223,0.6153846153846154,0.9360730593607306,0.8
red,6,Mondrian CP,0.9007352941176471,2.3522603511810303,0.15384615384615385,0.9497716894977168,0.875
red,7,Split CP,0.8897058823529411,2.068086624145508,0.5,0.9469026548672567,0.6388888888888888
red,7,Normalised CP,0.9338235294117647,2.781802016145094,0.6,0.9646017699115044,0.8333333333333334
red,7,Mondrian CP,0.9007352941176471,2.155942678451538,0.5,0.9469026548672567,0.7222222222222222
red,8,Split CP,0.9227941176470589,2.1580419540405273,0.42857142857142855,0.9736842105263158,0.7027027027027027
red,8,Normalised CP,0.9448529411764706,2.7496583220297173,0.42857142857142855,0.9649122807017544,0.918918918918919
red,8,Mondrian CP,0.9264705882352942,2.247746706008911,0.2857142857142857,0.9517543859649122,0.8918918918918919
red,9,Split CP,0.9411764705882353,2.312626838684082,0.2727272727272727,0.987012987012987,0.8333333333333334
red,9,Normalised CP,0.9117647058823529,2.702950925057282,0.36363636363636365,0.9437229437229437,0.8666666666666667
red,9,Mondrian CP,0.9485294117647058,2.396275281906128,0.2727272727272727,0.987012987012987,0.9
red,10,Split CP,0.8676470588235294,2.083643913269043,0.3684210526315789,0.944954128440367,0.6571428571428571
red,10,Normalised CP,0.8786764705882353,2.3740978258271523,0.3684210526315789,0.9403669724770642,0.7714285714285715
red,10,Mondrian CP,0.8455882352941176,2.0787649154663086,0.2631578947368421,0.9128440366972477,0.7428571428571429
red,11,Split CP,0.9154411764705882,2.2631101608276367,0.4444444444444444,0.9777777777777777,0.6578947368421053
red,11,Normalised CP,0.9154411764705882,2.4832526306003135,0.5555555555555556,0.9511111111111111,0.7894736842105263
red,11,Mondrian CP,0.9301470588235294,2.3830463886260986,0.4444444444444444,0.9866666666666667,0.7105263157894737
red,12,Split CP,0.9044117647058824,2.1579294204711914,0.14285714285714285,0.9772727272727273,0.7631578947368421
red,12,Normalised CP,0.9375,2.5930441419274852,0.5714285714285714,0.9772727272727273,0.8421052631578947
red,12,Mondrian CP,0.9264705882352942,2.40891170501709,0.14285714285714285,0.990909090909091,0.8421052631578947
red,13,Split CP,0.9448529411764706,2.5156517028808594,0.3333333333333333,0.9912280701754386,0.84375
red,13,Normalised CP,0.9044117647058824,2.5722479773754316,0.3333333333333333,0.9385964912280702,0.875
red,13,Mondrian CP,0.9264705882352942,2.413224220275879,0.08333333333333333,0.9780701754385965,0.875
red,14,Split CP,0.8786764705882353,2.1223440170288086,0.23076923076923078,0.96,0.5882352941176471
red,14,Normalised CP,0.8933823529411765,2.3677172254857806,0.38461538461538464,0.9333333333333333,0.8235294117647058
red,14,Mondrian CP,0.8897058823529411,2.219428539276123,0.23076923076923078,0.9644444444444444,0.6470588235294118
red,15,Split CP,0.9411764705882353,2.3928298950195312,0.4,0.9868421052631579,0.7941176470588235
red,15,Normalised CP,0.9007352941176471,2.504795095410524,0.5,0.9298245614035088,0.8235294117647058
red,15,Mondrian CP,0.9448529411764706,2.5452077388763428,0.4,0.9868421052631579,0.8235294117647058
red,16,Split CP,0.8970588235294118,2.193178176879883,0.35294117647058826,0.9592760180995475,0.7647058823529411
red,16,Normalised CP,0.8382352941176471,2.2748260301385264,0.23529411764705882,0.8823529411764706,0.8529411764705882
red,16,Mondrian CP,0.9080882352941176,2.3498036861419678,0.35294117647058826,0.9683257918552036,0.7941176470588235
red,17,Split CP,0.9411764705882353,2.378811836242676,0.25,0.9823008849557522,0.8421052631578947
red,17,Normalised CP,0.9154411764705882,2.4553769346945087,0.5,0.9557522123893806,0.7631578947368421
red,17,Mondrian CP,0.9522058823529411,2.369333505630493,0.125,0.9911504424778761,0.8947368421052632
red,18,Split CP,0.9007352941176471,2.2867889404296875,0.35714285714285715,0.9646017699115044,0.6875
red,18,Normalised CP,0.9264705882352942,2.7429683354169,0.5714285714285714,0.9424778761061947,0.96875
red,18,Mondrian CP,0.9044117647058824,2.3190689086914062,0.2857142857142857,0.9646017699115044,0.75
red,19,Split CP,0.8602941176470589,2.0133056640625,0.07142857142857142,0.9324324324324325,0.7222222222222222
red,19,Normalised CP,0.8566176470588235,2.439579660129134,0.2857142857142857,0.9054054054054054,0.7777777777777778
red,19,Mondrian CP,0.9044117647058824,2.249128818511963,0.07142857142857142,0.963963963963964,0.8611111111111112
white,0,Split CP,0.8978562421185372,2.273120880126953,0.36363636363636365,0.964765100671141,0.7621951219512195
white,0,Normalised CP,0.9003783102143758,2.501912674141126,0.42424242424242425,0.9513422818791947,0.8109756097560976
white,0,Mondrian CP,0.9003783102143758,2.302072763442993,0.3333333333333333,0.9630872483221476,0.7865853658536586
white,1,Split CP,0.9205548549810845,2.3290624618530273,0.48,0.9704433497536946,0.7987421383647799
white,1,Normalised CP,0.9230769230769231,2.45843378330013,0.48,0.9753694581280788,0.7924528301886793
white,1,Mondrian CP,0.9306431273644389,2.4130218029022217,0.44,0.9786535303776683,0.8238993710691824
white,2,Split CP,0.9003783102143758,2.2619686126708984,0.4857142857142857,0.9517684887459807,0.7720588235294118
white,2,Normalised CP,0.9205548549810845,2.5169348653531967,0.5714285714285714,0.9581993569131833,0.8382352941176471
white,2,Mondrian CP,0.9003783102143758,2.2737326622009277,0.4857142857142857,0.9517684887459807,0.7720588235294118
white,3,Split CP,0.8965952080706179,2.322650909423828,0.43243243243243246,0.9634782608695652,0.7790055248618785
white,3,Normalised CP,0.9041614123581336,2.506737644890479,0.43243243243243246,0.96,0.8232044198895028
white,3,Mondrian CP,0.8953341740226987,2.320866107940674,0.24324324324324326,0.96,0.8232044198895028
white,4,Split CP,0.9003783102143758,2.282337188720703,0.4666666666666667,0.9513422818791947,0.7964071856287425
white,4,Normalised CP,0.9041614123581336,2.4213292971643217,0.4666666666666667,0.9496644295302014,0.8203592814371258
white,4,Mondrian CP,0.9041614123581336,2.323817253112793,0.4666666666666667,0.9546979865771812,0.8023952095808383
white,5,Split CP,0.9066834804539723,2.3274106979370117,0.625,0.9661016949152542,0.7543859649122807
white,5,Normalised CP,0.8953341740226987,2.4405302706401373,0.75,0.9440677966101695,0.7543859649122807
white,5,Mondrian CP,0.9167717528373266,2.3711934089660645,0.5,0.9694915254237289,0.8128654970760234
white,6,Split CP,0.9281210592686002,2.4620304107666016,0.5526315789473685,0.9762308998302207,0.8433734939759037
white,6,Normalised CP,0.9192938209331651,2.5475470913589366,0.6578947368421053,0.9490662139219015,0.8734939759036144
white,6,Mondrian CP,0.9218158890290038,2.477093458175659,0.5789473684210527,0.9711375212224108,0.8253012048192772
white,7,Split CP,0.9104665825977302,2.3393421173095703,0.5,0.972972972972973,0.7791411042944786
white,7,Normalised CP,0.9255989911727617,2.611971155531902,0.5789473684210527,0.9695945945945946,0.8466257668711656
white,7,Mondrian CP,0.9180327868852459,2.3912646770477295,0.5,0.9746621621621622,0.8098159509202454
white,8,Split CP,0.89281210592686,2.201801300048828,0.3888888888888889,0.9618573797678275,0.7402597402597403
white,8,Normalised CP,0.8776796973518285,2.3409830193773673,0.3888888888888889,0.9402985074626866,0.7467532467532467
white,8,Mondrian CP,0.8978562421185372,2.2316818237304688,0.3333333333333333,0.966832504145937,0.7597402597402597
white,9,Split CP,0.9117276166456494,2.2839107513427734,0.4864864864864865,0.9728353140916808,0.7904191616766467
white,9,Normalised CP,0.9205548549810845,2.5524081067501334,0.6756756756756757,0.9575551782682513,0.844311377245509
white,9,Mondrian CP,0.914249684741488,2.3315727710723877,0.40540540540540543,0.9728353140916808,0.8203592814371258
white,10,Split CP,0.9129886506935687,2.2990951538085938,0.5641025641025641,0.9747899159663865,0.7672955974842768
white,10,Normalised CP,0.9205548549810845,2.6186080211744973,0.6666666666666666,0.9697478991596639,0.7987421383647799
white,10,Mondrian CP,0.9192938209331651,2.360851287841797,0.46153846153846156,0.9764705882352941,0.8176100628930818
white,11,Split CP,0.8663303909205549,2.2040252685546875,0.42857142857142855,0.9553571428571429,0.7119565217391305
white,11,Normalised CP,0.8953341740226987,2.5439994405264788,0.6326530612244898,0.9589285714285715,0.7717391304347826
white,11,Mondrian CP,0.8738965952080706,2.225386381149292,0.42857142857142855,0.9571428571428572,0.7391304347826086
white,12,Split CP,0.9016393442622951,2.3605422973632812,0.3939393939393939,0.9691252144082333,0.7740112994350282
white,12,Normalised CP,0.9129886506935687,2.5619761735506317,0.5151515151515151,0.9605488850771869,0.8305084745762712
white,12,Mondrian CP,0.9066834804539723,2.370408296585083,0.36363636363636365,0.9708404802744426,0.7966101694915254
white,13,Split CP,0.9016393442622951,2.2644729614257812,0.42857142857142855,0.9714285714285714,0.7484662576687117
white,13,Normalised CP,0.9066834804539723,2.483437379739207,0.6571428571428571,0.9563025210084034,0.7791411042944786
white,13,Mondrian CP,0.9041614123581336,2.2997665405273438,0.4,0.9697478991596639,0.7730061349693251
white,14,Split CP,0.9029003783102144,2.305689811706543,0.4,0.9759036144578314,0.7844311377245509
white,14,Normalised CP,0.905422446406053,2.635784892800679,0.5111111111111111,0.9655765920826161,0.8023952095808383
white,14,Mondrian CP,0.9129886506935687,2.3807761669158936,0.4666666666666667,0.9776247848537005,0.8083832335329342
white,15,Split CP,0.9079445145018915,2.2598037719726562,0.3939393939393939,0.9700996677740864,0.7784810126582279
white,15,Normalised CP,0.9016393442622951,2.4351789543520193,0.45454545454545453,0.9501661129568106,0.810126582278481
white,15,Mondrian CP,0.9041614123581336,2.246910810470581,0.30303030303030304,0.9667774086378738,0.7911392405063291
white,16,Split CP,0.8965952080706179,2.239980697631836,0.5555555555555556,0.9689119170984456,0.7303370786516854
white,16,Normalised CP,0.9016393442622951,2.4896135812107207,0.6388888888888888,0.9533678756476683,0.7865168539325843
white,16,Mondrian CP,0.8953341740226987,2.246206521987915,0.4722222222222222,0.9637305699481865,0.7584269662921348
white,17,Split CP,0.9041614123581336,2.3038101196289062,0.34210526315789475,0.9580536912751678,0.8364779874213837
white,17,Normalised CP,0.8865069356872636,2.3542741675942955,0.5263157894736842,0.9312080536912751,0.8050314465408805
white,17,Mondrian CP,0.9104665825977302,2.3633337020874023,0.42105263157894735,0.9563758389261745,0.8553459119496856
white,18,Split CP,0.8940731399747793,2.2378015518188477,0.42424242424242425,0.957983193277311,0.7575757575757576
white,18,Normalised CP,0.8865069356872636,2.3407170189942463,0.6060606060606061,0.934453781512605,0.7696969696969697
white,18,Mondrian CP,0.8991172761664565,2.2811198234558105,0.36363636363636365,0.9613445378151261,0.7818181818181819
white,19,Split CP,0.9117276166456494,2.3897953033447266,0.39473684210526316,0.9749163879598662,0.7961783439490446
white,19,Normalised CP,0.9029003783102144,2.552776279889103,0.5,0.9581939799331104,0.7898089171974523
white,19,Mondrian CP,0.9104665825977302,2.346500873565674,0.34210526315789475,0.9715719063545151,0.8152866242038217
