type,dedup,fold,model,MAE,RMSE,QWK,Acc,Acc1
red,True,0,Ridge regression,0.5040909797091884,0.6563769846217308,0.5036753287089761,0.6029411764705882,0.9595588235294118
red,True,0,SVR (RBF),0.4833973581188495,0.6520282198716159,0.533307736609714,0.6176470588235294,0.9522058823529411
red,True,0,Random Forest,0.46833538554310616,0.6187900633412381,0.5951401326298466,0.6470588235294118,0.9669117647058824
red,True,0,XGBoost,0.4799243211746216,0.6314255857350828,0.5612163821539499,0.6176470588235294,0.9632352941176471
red,True,0,LightGBM,0.48740178448681504,0.639295680386535,0.6149365267237578,0.6507352941176471,0.9669117647058824
red,True,0,Ordinal XGBoost,0.4624192507292799,0.6145677264775511,0.5792628398791542,0.6286764705882353,0.9669117647058824
red,True,1,Ridge regression,0.49281812565251987,0.6508090030936299,0.49174934863278674,0.6176470588235294,0.9595588235294118
red,True,1,SVR (RBF),0.48276345525005065,0.6515331122952391,0.5107674236491778,0.6213235294117647,0.9522058823529411
red,True,1,Random Forest,0.4895601988901622,0.6429841905793945,0.5918650793650795,0.6213235294117647,0.9779411764705882
red,True,1,XGBoost,0.48891371488571167,0.64809417827895,0.543033500920902,0.6029411764705882,0.9669117647058824
red,True,1,LightGBM,0.5061077172130097,0.6647895587748941,0.5405185220683375,0.5882352941176471,0.9705882352941176
red,True,1,Ordinal XGBoost,0.4788060281773864,0.6400082555379728,0.5478452154784521,0.6286764705882353,0.9669117647058824
red,True,2,Ridge regression,0.5213478156633102,0.6688500441250738,0.47229166666666667,0.5514705882352942,0.9669117647058824
red,True,2,SVR (RBF),0.4966176866994059,0.6698373399289204,0.5166666666666666,0.5808823529411765,0.9742647058823529
red,True,2,Random Forest,0.49356760134609406,0.6411732380450269,0.5874755381604697,0.6102941176470589,0.9779411764705882
red,True,2,XGBoost,0.5123541951179504,0.667099660589812,0.517234625930278,0.5735294117647058,0.9705882352941176
red,True,2,LightGBM,0.5019627416886188,0.6556249235474764,0.5401119402985074,0.5551470588235294,0.9705882352941176
red,True,2,Ordinal XGBoost,0.4879643043799099,0.6510348298060167,0.5672965676822214,0.5919117647058824,0.9742647058823529
red,True,3,Ridge regression,0.5345433814882623,0.6797425749865045,0.4694732432715468,0.5514705882352942,0.9669117647058824
red,True,3,SVR (RBF),0.5184755146916745,0.6889686234992255,0.4862222222222221,0.5588235294117647,0.9595588235294118
red,True,3,Random Forest,0.5027809484905074,0.6500623970443473,0.5463875205254516,0.5772058823529411,0.9816176470588235
red,True,3,XGBoost,0.5325551629066467,0.6776646075218216,0.5110323089046493,0.5625,0.9669117647058824
red,True,3,LightGBM,0.5395528218477078,0.68125118361599,0.5020851517796527,0.5330882352941176,0.9705882352941176
red,True,3,Ordinal XGBoost,0.4968858356432038,0.655273173544752,0.5211267605633803,0.5919117647058824,0.9669117647058824
red,True,4,Ridge regression,0.5062033798869968,0.6666125702567347,0.4893811741272105,0.5904059040590406,0.9704797047970479
red,True,4,SVR (RBF),0.49995536906512095,0.6754809281430931,0.4989975263637547,0.5867158671586716,0.9630996309963099
red,True,4,Random Forest,0.5091615176541375,0.6602713451542777,0.5195954649220134,0.5756457564575646,0.9704797047970479
red,True,4,XGBoost,0.5077911615371704,0.6614644333165162,0.488745315932291,0.5608856088560885,0.966789667896679
red,True,4,LightGBM,0.5183750052236172,0.6812263396100201,0.5060424469413234,0.5719557195571956,0.9630996309963099
red,True,4,Ordinal XGBoost,0.4974953192002941,0.6635036905043115,0.5131653236154596,0.5940959409594095,0.9630996309963099
red,True,5,Ridge regression,0.5309678046397471,0.6748595500180178,0.4533762057877814,0.5367647058823529,0.9522058823529411
red,True,5,SVR (RBF),0.5351753073657116,0.6951556636261252,0.5102757772703321,0.5404411764705882,0.9522058823529411
red,True,5,Random Forest,0.5194154460395269,0.6621483030478509,0.5541795665634675,0.5808823529411765,0.9632352941176471
red,True,5,XGBoost,0.52341228723526,0.6708746271475333,0.5784523300555793,0.5661764705882353,0.9669117647058824
red,True,5,LightGBM,0.523628842920193,0.6734442447549294,0.5547690674216953,0.5661764705882353,0.9632352941176471
red,True,5,Ordinal XGBoost,0.5121399528553304,0.6719938141481344,0.5190424374319913,0.5698529411764706,0.9522058823529411
red,True,6,Ridge regression,0.5181710179125977,0.6812530549847203,0.45395327942497765,0.6029411764705882,0.9632352941176471
red,True,6,SVR (RBF),0.46997094205745027,0.655169883172711,0.5064516129032259,0.6323529411764706,0.9632352941176471
red,True,6,Random Forest,0.47803914760348587,0.6447801953831563,0.5024207746478873,0.6397058823529411,0.9632352941176471
red,True,6,XGBoost,0.475738525390625,0.6457768974462104,0.4761054041983027,0.6433823529411765,0.9558823529411765
red,True,6,LightGBM,0.4792305759938329,0.6553443490366809,0.48396750748182993,0.6286764705882353,0.9558823529411765
red,True,6,Ordinal XGBoost,0.4600547828274557,0.6313928967825273,0.49215002180549505,0.6139705882352942,0.9669117647058824
red,True,7,Ridge regression,0.5129708378619097,0.6806498086162783,0.5037502533954997,0.5919117647058824,0.9595588235294118
red,True,7,SVR (RBF),0.5166291678435333,0.6857132194144179,0.5057660626029654,0.5772058823529411,0.9632352941176471
red,True,7,Random Forest,0.4846872793940809,0.646904342232544,0.5700737618545837,0.6029411764705882,0.9705882352941176
red,True,7,XGBoost,0.4895601272583008,0.6559369612169529,0.5659102558128699,0.625,0.9632352941176471
red,True,7,LightGBM,0.4978413265517709,0.6534342635112699,0.5696202531645569,0.6102941176470589,0.9669117647058824
red,True,7,Ordinal XGBoost,0.48864417226563467,0.6560129312158893,0.5420434866269002,0.6029411764705882,0.9669117647058824
red,True,8,Ridge regression,0.5365803122979661,0.6795453039296286,0.44284828720049596,0.5367647058823529,0.9742647058823529
red,True,8,SVR (RBF),0.49830355366636914,0.6513035681082844,0.5157331178342339,0.5698529411764706,0.9705882352941176
red,True,8,Random Forest,0.5082597132918824,0.6445858908475701,0.535732084122396,0.5735294117647058,0.9742647058823529
red,True,8,XGBoost,0.5267452001571655,0.6672564272151161,0.5351994031143951,0.5441176470588235,0.9779411764705882
red,True,8,LightGBM,0.5399007190108357,0.6824935653887548,0.5217071026305159,0.5441176470588235,0.9705882352941176
red,True,8,Ordinal XGBoost,0.5021066210474601,0.6498821884469693,0.5515637687935235,0.5735294117647058,0.9779411764705882
red,True,9,Ridge regression,0.4706196530671078,0.6111731531668934,0.5663421789571943,0.6236162361623616,0.977859778597786
red,True,9,SVR (RBF),0.47573003585867624,0.6300436076128787,0.5444457083633514,0.6236162361623616,0.974169741697417
red,True,9,Random Forest,0.45783431086475357,0.6052464809043673,0.6005725074608685,0.6199261992619927,0.977859778597786
red,True,9,XGBoost,0.4775260090827942,0.6306654215656569,0.5653040392747777,0.6125461254612546,0.966789667896679
red,True,9,LightGBM,0.49293233045369117,0.6464531367284807,0.5586161802294478,0.5904059040590406,0.974169741697417
red,True,9,Ordinal XGBoost,0.46358739938277116,0.6216862313673871,0.5948269417657173,0.6125461254612546,0.981549815498155
red,True,10,Ridge regression,0.5072303171749578,0.6505971603156109,0.47206165703275527,0.5955882352941176,0.9669117647058824
red,True,10,SVR (RBF),0.5152261629617465,0.6648842535820589,0.49470252648736757,0.5514705882352942,0.9595588235294118
red,True,10,Random Forest,0.5153622905893125,0.6555809753035714,0.5237701529557668,0.5477941176470589,0.9742647058823529
red,True,10,XGBoost,0.5203849673271179,0.6663693917603242,0.5113732097725359,0.5551470588235294,0.9705882352941176
red,True,10,LightGBM,0.5381846553848844,0.686193965954063,0.5242718446601942,0.5698529411764706,0.9632352941176471
red,True,10,Ordinal XGBoost,0.517178355839713,0.6603769775294677,0.5091606305922454,0.5257352941176471,0.9816176470588235
red,True,11,Ridge regression,0.5104096425645674,0.6547916980327518,0.4847931219774315,0.5882352941176471,0.9705882352941176
red,True,11,SVR (RBF),0.49927340313019686,0.6736479112335543,0.5015050004854841,0.5955882352941176,0.9558823529411765
red,True,11,Random Forest,0.4889830266071075,0.6429121030448357,0.5308441558441559,0.6066176470588235,0.9705882352941176
red,True,11,XGBoost,0.5067834258079529,0.6640651702827172,0.4928483857785043,0.5808823529411765,0.9669117647058824
red,True,11,LightGBM,0.5079249674543631,0.6794905701064989,0.5152475247524753,0.5992647058823529,0.9632352941176471
red,True,11,Ordinal XGBoost,0.49213478051372556,0.665160793270765,0.515768056968464,0.6139705882352942,0.9632352941176471
red,True,12,Ridge regression,0.5093834196544513,0.6638071645866723,0.5166947895894054,0.5735294117647058,0.9779411764705882
red,True,12,SVR (RBF),0.5212646374388175,0.6601001595649408,0.5308016877637131,0.5661764705882353,0.9742647058823529
red,True,12,Random Forest,0.49589658268610476,0.6260086774137034,0.5856365614798695,0.5698529411764706,0.9889705882352942
red,True,12,XGBoost,0.4990071654319763,0.6286536947631636,0.5467888559457008,0.5441176470588235,0.9852941176470589
red,True,12,LightGBM,0.5055706679322866,0.644830150243891,0.5807545469635532,0.5551470588235294,0.9889705882352942
red,True,12,Ordinal XGBoost,0.494373630880706,0.6323097592346019,0.5550745314114233,0.5551470588235294,0.9852941176470589
red,True,13,Ridge regression,0.5320439101251694,0.6899831750576026,0.4705709528939379,0.5808823529411765,0.9448529411764706
red,True,13,SVR (RBF),0.5160160986380453,0.7104936772119093,0.49030320818187967,0.5882352941176471,0.9522058823529411
red,True,13,Random Forest,0.5028296082321818,0.6742340940951533,0.5483486784847236,0.6102941176470589,0.9522058823529411
red,True,13,XGBoost,0.5108132362365723,0.6794762995771167,0.5180482042661458,0.5772058823529411,0.9558823529411765
red,True,13,LightGBM,0.5237079443684506,0.6918792321534838,0.5170042032862056,0.5514705882352942,0.9558823529411765
red,True,13,Ordinal XGBoost,0.49837323183749715,0.6751050860807408,0.5298534798534799,0.5882352941176471,0.9522058823529411
red,True,14,Ridge regression,0.5062785030972451,0.6621945726471837,0.47496759884023887,0.5867158671586716,0.959409594095941
red,True,14,SVR (RBF),0.47651809280887436,0.6579663091892032,0.5201355863604169,0.6494464944649446,0.9446494464944649
red,True,14,Random Forest,0.4702098315788353,0.6314799060238865,0.5289035338072752,0.6605166051660517,0.948339483394834
red,True,14,XGBoost,0.48623126745224,0.6509880094669148,0.5376861042183623,0.6346863468634686,0.959409594095941
red,True,14,LightGBM,0.4909865784955431,0.6557341156777947,0.5065386525409701,0.6273062730627307,0.948339483394834
red,True,14,Ordinal XGBoost,0.47038742412888157,0.6450546750097607,0.522482542583045,0.6346863468634686,0.955719557195572
red,True,15,Ridge regression,0.45922251785150386,0.5802544257647474,0.5068741501737423,0.6029411764705882,0.9852941176470589
red,True,15,SVR (RBF),0.45809144271797503,0.602726177359807,0.5495734195326162,0.6176470588235294,0.9742647058823529
red,True,15,Random Forest,0.4527106649477973,0.5874715287452236,0.5999237327377223,0.6470588235294118,0.9852941176470589
red,True,15,XGBoost,0.46410071849823,0.6068945800812658,0.5991184573002755,0.6507352941176471,0.9852941176470589
red,True,15,LightGBM,0.47802780195055794,0.6224818350853845,0.5577707294970549,0.5955882352941176,0.9852941176470589
red,True,15,Ordinal XGBoost,0.4496367510455189,0.5965200768580543,0.5846261960105952,0.6286764705882353,0.9852941176470589
red,True,16,Ridge regression,0.5440562412691222,0.7219077170001065,0.40996342540042874,0.5441176470588235,0.9411764705882353
red,True,16,SVR (RBF),0.5019552063982512,0.6722040275431065,0.5534074879171196,0.5992647058823529,0.9595588235294118
red,True,16,Random Forest,0.5163526718719735,0.6775264263248945,0.526928537624231,0.5808823529411765,0.9595588235294118
red,True,16,XGBoost,0.5143886208534241,0.6781759445110166,0.5519207402560986,0.5919117647058824,0.9632352941176471
red,True,16,LightGBM,0.5329736710068422,0.6932345374018944,0.5340231617898992,0.5808823529411765,0.9558823529411765
red,True,16,Ordinal XGBoost,0.5116263376706978,0.680030888462684,0.5076244365589335,0.5661764705882353,0.9595588235294118
red,True,17,Ridge regression,0.5326902230183759,0.677454002865669,0.5288239453217063,0.5367647058823529,0.9742647058823529
red,True,17,SVR (RBF),0.5008862848595236,0.6574899318577958,0.5647950615042441,0.5808823529411765,0.9669117647058824
red,True,17,Random Forest,0.5143506103441765,0.6583912077495909,0.5814077973057366,0.6029411764705882,0.9632352941176471
red,True,17,XGBoost,0.51494961977005,0.6686980075768278,0.6030219780219781,0.5882352941176471,0.9705882352941176
red,True,17,LightGBM,0.5129413048438006,0.6768502668830864,0.5754873232258886,0.5808823529411765,0.9595588235294118
red,True,17,Ordinal XGBoost,0.49268987848793533,0.655778088108905,0.5850149227137067,0.5955882352941176,0.9669117647058824
red,True,18,Ridge regression,0.5488817341229173,0.7274387842616312,0.41791192478970807,0.5588235294117647,0.9411764705882353
red,True,18,SVR (RBF),0.5549502692589715,0.7553763802421422,0.46356123215627354,0.5845588235294118,0.9448529411764706
red,True,18,Random Forest,0.5344714596065699,0.70457310684151,0.4915581283164496,0.5845588235294118,0.9485294117647058
red,True,18,XGBoost,0.5417499542236328,0.7281851338452947,0.4825200627248408,0.5661764705882353,0.9485294117647058
red,True,18,LightGBM,0.543515265077438,0.7219586479430803,0.5062054396620015,0.5588235294117647,0.9448529411764706
red,True,18,Ordinal XGBoost,0.5384236487985377,0.7290457406516208,0.4443825441039926,0.5772058823529411,0.9375
red,True,19,Ridge regression,0.4736120732668217,0.6046425998232555,0.5479531716275154,0.6420664206642066,0.985239852398524
red,True,19,SVR (RBF),0.4915316291606039,0.64718358864676,0.5243993283082712,0.5719557195571956,0.977859778597786
red,True,19,Random Forest,0.46910658109827846,0.6081412817290532,0.5238473092073568,0.6051660516605166,0.985239852398524
red,True,19,XGBoost,0.48766762018203735,0.6183707809119243,0.5440227285265075,0.5940959409594095,0.985239852398524
red,True,19,LightGBM,0.5025041139512908,0.6398772510311281,0.5149427781092368,0.5682656826568265,0.981549815498155
red,True,19,Ordinal XGBoost,0.47907016165401217,0.6200849182204186,0.5018245671797403,0.5682656826568265,0.985239852398524
red,True,20,Ridge regression,0.4998266282507975,0.6455284674469333,0.49473912571862466,0.5955882352941176,0.9669117647058824
red,True,20,SVR (RBF),0.4813833620664828,0.6276991651692356,0.5355896190620733,0.5698529411764706,0.9779411764705882
red,True,20,Random Forest,0.4907643442478,0.6380018210451017,0.5610896523683676,0.5882352941176471,0.9816176470588235
red,True,20,XGBoost,0.4959351122379303,0.6388435483015122,0.5678664984961677,0.5845588235294118,0.9779411764705882
red,True,20,LightGBM,0.5179693320268686,0.6632526592977475,0.5866948408081862,0.5735294117647058,0.9852941176470589
red,True,20,Ordinal XGBoost,0.48178792237680523,0.644267566370282,0.5458764025632842,0.5772058823529411,0.9742647058823529
red,True,21,Ridge regression,0.5218967178744185,0.6650934894093683,0.50375387200084,0.5772058823529411,0.9705882352941176
red,True,21,SVR (RBF),0.5100357279615849,0.6642156863524744,0.508663513417156,0.5514705882352942,0.9632352941176471
red,True,21,Random Forest,0.49779498282899004,0.6318187785864582,0.5483793344081624,0.5808823529411765,0.9705882352941176
red,True,21,XGBoost,0.5057135224342346,0.6409708113176663,0.5469664682685478,0.5882352941176471,0.9705882352941176
red,True,21,LightGBM,0.50798163924011,0.6469132692936028,0.5426115795128104,0.5698529411764706,0.9669117647058824
red,True,21,Ordinal XGBoost,0.49300488237252144,0.6361647044635794,0.5507707364815267,0.6029411764705882,0.9669117647058824
red,True,22,Ridge regression,0.5094809271365641,0.6820929441547937,0.4641988365943944,0.5808823529411765,0.9632352941176471
red,True,22,SVR (RBF),0.5094090831625545,0.6951330846891395,0.48447053069210066,0.5919117647058824,0.9522058823529411
red,True,22,Random Forest,0.4948589085886881,0.6612742736869092,0.547460595446585,0.6102941176470589,0.9669117647058824
red,True,22,XGBoost,0.5034418106079102,0.6780713038126589,0.5562805872756933,0.6286764705882353,0.9595588235294118
red,True,22,LightGBM,0.5221891277958903,0.7031684566022944,0.5168503783731173,0.5955882352941176,0.9558823529411765
red,True,22,Ordinal XGBoost,0.4871873522809518,0.6705193120831283,0.5237906029601669,0.6139705882352942,0.9558823529411765
red,True,23,Ridge regression,0.5056716628205763,0.6545715084014194,0.500520941862888,0.5808823529411765,0.9669117647058824
red,True,23,SVR (RBF),0.5059869742461549,0.6856047752137774,0.548151001540832,0.6102941176470589,0.9669117647058824
red,True,23,Random Forest,0.5100601608699035,0.6666124432896902,0.5405405405405406,0.5955882352941176,0.9705882352941176
red,True,23,XGBoost,0.525402307510376,0.6752526084329785,0.509780197620488,0.5625,0.9705882352941176
red,True,23,LightGBM,0.5401623421507253,0.694737364234094,0.5202765838161092,0.5625,0.9669117647058824
red,True,23,Ordinal XGBoost,0.5071366606648285,0.6643041987211966,0.5279624560031287,0.5735294117647058,0.9742647058823529
red,True,24,Ridge regression,0.5225388703422255,0.671245149997879,0.45176337186078586,0.5424354243542435,0.959409594095941
red,True,24,SVR (RBF),0.4869253053446087,0.6397233367513361,0.5403817213290973,0.5830258302583026,0.9704797047970479
red,True,24,Random Forest,0.49666259147439956,0.6437255029916471,0.5535420098846788,0.6199261992619927,0.959409594095941
red,True,24,XGBoost,0.5118492245674133,0.6701456035569702,0.5434086696993766,0.5940959409594095,0.9630996309963099
red,True,24,LightGBM,0.514627989360316,0.6658921491989302,0.5846135845082783,0.5940959409594095,0.974169741697417
red,True,24,Ordinal XGBoost,0.49134441510682586,0.6546206029538618,0.561109555179426,0.5977859778597786,0.9704797047970479
white,True,0,Ridge regression,0.5974123541034637,0.7792530671441453,0.3749509086365098,0.5094577553593947,0.935687263556116
white,True,0,SVR (RBF),0.5748005179961786,0.7507390600752999,0.47554811552276166,0.5271122320302648,0.9394703656998739
white,True,0,Random Forest,0.5620832678250711,0.7338801763139479,0.4981347012191061,0.5548549810844893,0.9470365699873896
white,True,0,XGBoost,0.5732645988464355,0.7367146335134861,0.5028451484888735,0.5346784363177806,0.9482976040353089
white,True,0,LightGBM,0.5701775936014121,0.7376558316600381,0.5192515351265976,0.5422446406052963,0.9533417402269861
white,True,0,Ordinal XGBoost,0.5652537519296724,0.7361969720242191,0.475668358714044,0.5472887767969735,0.9394703656998739
white,True,1,Ridge regression,0.5838471017123019,0.7511184451086085,0.4230567117368855,0.5227272727272727,0.946969696969697
white,True,1,SVR (RBF),0.558772233008096,0.7296617881595128,0.5162821687349046,0.5467171717171717,0.9558080808080808
white,True,1,Random Forest,0.5664697039539212,0.731639373065608,0.47647730650687614,0.5391414141414141,0.9507575757575758
white,True,1,XGBoost,0.5626184344291687,0.7239936207100356,0.5262865433890038,0.5454545454545454,0.9621212121212122
white,True,1,LightGBM,0.5665970330502029,0.7276171870216781,0.5002141720719618,0.5328282828282829,0.9558080808080808
white,True,1,Ordinal XGBoost,0.5637410125067792,0.7223710834348273,0.49939540507859737,0.5340909090909091,0.9583333333333334
white,True,2,Ridge regression,0.5575024107241207,0.7296983442667053,0.4412627876858002,0.5517676767676768,0.9558080808080808
white,True,2,SVR (RBF),0.5329483525082079,0.7116918442315597,0.5041484288234142,0.5795454545454546,0.9558080808080808
white,True,2,Random Forest,0.5236661996346339,0.6822118906249889,0.5350657482780212,0.5896464646464646,0.9684343434343434
white,True,2,XGBoost,0.5348236560821533,0.6998630943273605,0.49792035446282146,0.5656565656565656,0.9608585858585859
white,True,2,LightGBM,0.535257849213012,0.7031454816583101,0.48556399766218583,0.5631313131313131,0.9545454545454546
white,True,2,Ordinal XGBoost,0.5281720699930942,0.6935670038914951,0.5018303270258015,0.5820707070707071,0.9583333333333334
white,True,3,Ridge regression,0.5814226789365726,0.7551207278470161,0.4338394793926247,0.5202020202020202,0.9507575757575758
white,True,3,SVR (RBF),0.526064368199893,0.6989684782339037,0.5507915567282322,0.5707070707070707,0.9570707070707071
white,True,3,Random Forest,0.5345237055196019,0.7010677175673619,0.5570469798657718,0.5808080808080808,0.9608585858585859
white,True,3,XGBoost,0.5327121615409851,0.6934694229692742,0.5860373647984267,0.5833333333333334,0.9659090909090909
white,True,3,LightGBM,0.5439630689989231,0.7100481996236566,0.5737669140113487,0.571969696969697,0.9671717171717171
white,True,3,Ordinal XGBoost,0.5311785992476972,0.6922321906880804,0.5726676303791838,0.5946969696969697,0.9595959595959596
white,True,4,Ridge regression,0.5795794029263274,0.7416880146419508,0.4272930648769575,0.49873737373737376,0.9558080808080808
white,True,4,SVR (RBF),0.539112433515057,0.7002335013728276,0.546305136528547,0.547979797979798,0.9709595959595959
white,True,4,Random Forest,0.5322779645532171,0.6776519329158045,0.5423212415500334,0.553030303030303,0.9671717171717171
white,True,4,XGBoost,0.5293599963188171,0.6786626565350405,0.553156450137237,0.5542929292929293,0.9659090909090909
white,True,4,LightGBM,0.5342500621354622,0.6877552766080773,0.5768470249865181,0.553030303030303,0.9709595959595959
white,True,4,Ordinal XGBoost,0.5306319729420397,0.6784935221457639,0.5329398324447829,0.5391414141414141,0.9659090909090909
white,True,5,Ridge regression,0.5963804824130909,0.7729985474921057,0.4262591491507154,0.5069356872635561,0.9432534678436317
white,True,5,SVR (RBF),0.5486380451886496,0.7296806819881302,0.5295333028405595,0.5523329129886507,0.9520807061790668
white,True,5,Random Forest,0.5552169298521757,0.7287464324399308,0.5249602594775125,0.5573770491803278,0.9520807061790668
white,True,5,XGBoost,0.5619380474090576,0.7334457361890926,0.5225180002823573,0.5397225725094578,0.9520807061790668
white,True,5,LightGBM,0.557968293224674,0.7295017628205636,0.542805269773288,0.5384615384615384,0.957124842370744
white,True,5,Ordinal XGBoost,0.5610563917711906,0.7335555383388371,0.5243816706077843,0.5573770491803278,0.9508196721311475
white,True,6,Ridge regression,0.5562433617158057,0.7289366338510196,0.45022717885171415,0.553030303030303,0.9545454545454546
white,True,6,SVR (RBF),0.5360887744132116,0.7107944186390995,0.5129320235001573,0.5656565656565656,0.9621212121212122
white,True,6,Random Forest,0.5336916178074637,0.6879894045463406,0.5455018200728029,0.5606060606060606,0.9646464646464646
white,True,6,XGBoost,0.5312033891677856,0.6873889529970698,0.542874612578802,0.5681818181818182,0.9659090909090909
white,True,6,LightGBM,0.5322418837133231,0.6928807675815056,0.528158295281583,0.5555555555555556,0.9608585858585859
white,True,6,Ordinal XGBoost,0.5255728414377411,0.6800368270211083,0.5620498792554443,0.5858585858585859,0.9659090909090909
white,True,7,Ridge regression,0.5557364615920898,0.7066581977761371,0.4441794901205576,0.5391414141414141,0.9621212121212122
white,True,7,SVR (RBF),0.5178468969379911,0.6647276448528094,0.5489674437165375,0.5707070707070707,0.9722222222222222
white,True,7,Random Forest,0.5176678295399886,0.6531809878999293,0.5236837334576439,0.5694444444444444,0.9696969696969697
white,True,7,XGBoost,0.5212365984916687,0.6521780980103743,0.5453815394040749,0.5542929292929293,0.9734848484848485
white,True,7,LightGBM,0.5220318257963564,0.6579122553881332,0.5408299469047548,0.5669191919191919,0.9633838383838383
white,True,7,Ordinal XGBoost,0.5100696901675056,0.6441249147032074,0.5509795786135283,0.5606060606060606,0.9785353535353535
white,True,8,Ridge regression,0.6012487292572034,0.7926570188119804,0.39283321622902334,0.5252525252525253,0.9381313131313131
white,True,8,SVR (RBF),0.5449803173745681,0.7302222396804059,0.5183268704465549,0.5593434343434344,0.9545454545454546
white,True,8,Random Forest,0.5472758521057132,0.717667775832874,0.5275938301906427,0.5795454545454546,0.9558080808080808
white,True,8,XGBoost,0.5487841367721558,0.7165548555255019,0.5468163760066858,0.5757575757575758,0.9608585858585859
white,True,8,LightGBM,0.5581582464736466,0.7300325331632453,0.5453808752025933,0.571969696969697,0.9608585858585859
white,True,8,Ordinal XGBoost,0.5479847623877503,0.7195882318968199,0.5298865664294066,0.5845959595959596,0.9570707070707071
white,True,9,Ridge regression,0.5875762373556934,0.7485732846707102,0.3750628144250151,0.494949494949495,0.9393939393939394
white,True,9,SVR (RBF),0.5641539325967349,0.735763912893151,0.48755212547457527,0.5303030303030303,0.9507575757575758
white,True,9,Random Forest,0.5465467420719946,0.7101600866405715,0.49355454506456176,0.5467171717171717,0.9545454545454546
white,True,9,XGBoost,0.554962158203125,0.7149325456345054,0.5068661224104573,0.5416666666666666,0.9570707070707071
white,True,9,LightGBM,0.5564432291001346,0.7179164456338122,0.5059854825682788,0.5404040404040404,0.9532828282828283
white,True,9,Ordinal XGBoost,0.5480248305443546,0.7093268379498531,0.49550714402129614,0.5492424242424242,0.9570707070707071
white,True,10,Ridge regression,0.5880726516362528,0.7694866864043749,0.3843568929122926,0.5208070617906684,0.9407313997477932
white,True,10,SVR (RBF),0.5619129915464716,0.7403931656929346,0.49397652362304,0.5435056746532156,0.9457755359394704
white,True,10,Random Forest,0.5612829074386452,0.7301334301225625,0.4806554817357609,0.5397225725094578,0.9495586380832283
white,True,10,XGBoost,0.5676805377006531,0.7273248344280899,0.49853290838265796,0.5359394703656999,0.9508196721311475
white,True,10,LightGBM,0.5687489637860423,0.73756011949367,0.5013078445619221,0.5472887767969735,0.9482976040353089
white,True,10,Ordinal XGBoost,0.5604165561968779,0.7253200182655725,0.47941831397180845,0.5548549810844893,0.9445145018915511
white,True,11,Ridge regression,0.5834223643089926,0.7453240191869455,0.45242967533062517,0.5227272727272727,0.9558080808080808
white,True,11,SVR (RBF),0.5645349044804735,0.7315286620168192,0.49728829885250025,0.5189393939393939,0.9583333333333334
white,True,11,Random Forest,0.548947729459093,0.7032527490535416,0.5376321054858713,0.5505050505050505,0.9659090909090909
white,True,11,XGBoost,0.5552712082862854,0.7178176139679266,0.5308044942448952,0.5542929292929293,0.9608585858585859
white,True,11,LightGBM,0.5631741497519634,0.7292891625928348,0.5173632313929626,0.5353535353535354,0.9583333333333334
white,True,11,Ordinal XGBoost,0.5550315745165484,0.7129345384213601,0.523101626437377,0.5492424242424242,0.9608585858585859
white,True,12,Ridge regression,0.5779603621363392,0.766963973518191,0.3886752883607131,0.523989898989899,0.946969696969697
white,True,12,SVR (RBF),0.537728026559113,0.7132717820051617,0.5172099169393405,0.5618686868686869,0.9545454545454546
white,True,12,Random Forest,0.5291270270951457,0.693171506635684,0.4840994120791021,0.5732323232323232,0.9558080808080808
white,True,12,XGBoost,0.5421315431594849,0.7031452811812968,0.477253387445179,0.5568181818181818,0.9545454545454546
white,True,12,LightGBM,0.5343303471788075,0.705536309224034,0.519821980935547,0.5707070707070707,0.9595959595959596
white,True,12,Ordinal XGBoost,0.5329761137687442,0.7004716499509864,0.49080761654629024,0.5707070707070707,0.9558080808080808
white,True,13,Ridge regression,0.5896092475940121,0.7475878011867515,0.4066300510003924,0.5037878787878788,0.9444444444444444
white,True,13,SVR (RBF),0.5487591325772695,0.7209956468066723,0.5393768734671631,0.5568181818181818,0.9621212121212122
white,True,13,Random Forest,0.5363036159150427,0.6918826613376431,0.538341445495454,0.5568181818181818,0.9595959595959596
white,True,13,XGBoost,0.5458089113235474,0.7001871190994972,0.5385307886208138,0.5404040404040404,0.9621212121212122
white,True,13,LightGBM,0.5429222211906201,0.6986270704841894,0.5627032887603903,0.5542929292929293,0.9684343434343434
white,True,13,Ordinal XGBoost,0.5374960007473969,0.6940362949519472,0.5360710321864595,0.5707070707070707,0.9595959595959596
white,True,14,Ridge regression,0.5629515826487298,0.7262338171268995,0.44856655211384544,0.5340909090909091,0.9583333333333334
white,True,14,SVR (RBF),0.5417487006426954,0.7061728162704984,0.5282666722275514,0.5416666666666666,0.9646464646464646
white,True,14,Random Forest,0.5281365113678876,0.6808281860809422,0.5427628865979381,0.5681818181818182,0.9633838383838383
white,True,14,XGBoost,0.5278359651565552,0.6793386945525415,0.5477797311858448,0.5568181818181818,0.9633838383838383
white,True,14,LightGBM,0.5366830703040368,0.6867297673515467,0.5660473046155257,0.5580808080808081,0.9684343434343434
white,True,14,Ordinal XGBoost,0.5309941919848172,0.6819229876259308,0.5507828055246997,0.5618686868686869,0.9659090909090909
white,True,15,Ridge regression,0.6034558778361556,0.7764451387949552,0.4194774832925322,0.489281210592686,0.9419924337957125
white,True,15,SVR (RBF),0.5853007344802361,0.7428086562286935,0.48688874119100056,0.5044136191677175,0.9508196721311475
white,True,15,Random Forest,0.5743329827428189,0.7268196209512968,0.4941440636880916,0.5182849936948297,0.9546027742749055
white,True,15,XGBoost,0.5679977536201477,0.7213864279096137,0.5049054584373885,0.5170239596469105,0.9533417402269861
white,True,15,LightGBM,0.562301721130801,0.7238320623609141,0.5423360701243208,0.5346784363177806,0.9583858764186634
white,True,15,Ordinal XGBoost,0.5677043081172183,0.7209605560277265,0.5157082114147653,0.5334174022698613,0.9583858764186634
white,True,16,Ridge regression,0.5872090881501671,0.7812714504015941,0.3956455024260772,0.5290404040404041,0.9393939393939394
white,True,16,SVR (RBF),0.5636982874163925,0.7517509185259041,0.5079898508311691,0.5542929292929293,0.9545454545454546
white,True,16,Random Forest,0.5417428727510798,0.7133292322852868,0.5379719983029274,0.5732323232323232,0.9608585858585859
white,True,16,XGBoost,0.5479149222373962,0.717304974743759,0.5246901594906386,0.5492424242424242,0.9633838383838383
white,True,16,LightGBM,0.5503998691625472,0.7187793369691278,0.5415443038606349,0.5429292929292929,0.9633838383838383
white,True,16,Ordinal XGBoost,0.547044057495589,0.7221930253638689,0.5107737398329857,0.5707070707070707,0.9545454545454546
white,True,17,Ridge regression,0.5718005935200299,0.7362241055036233,0.42288483719027514,0.5290404040404041,0.9482323232323232
white,True,17,SVR (RBF),0.5493461518725393,0.7188896644709052,0.5131650684711844,0.5492424242424242,0.9608585858585859
white,True,17,Random Forest,0.53807287764611,0.7005017938994781,0.5104106972301814,0.5643939393939394,0.9532828282828283
white,True,17,XGBoost,0.5456920266151428,0.7009440825072901,0.5181156353170236,0.5555555555555556,0.9545454545454546
white,True,17,LightGBM,0.5484714334873406,0.7109157889770646,0.5269543672997745,0.5606060606060606,0.9532828282828283
white,True,17,Ordinal XGBoost,0.5358579498434709,0.6950464001909303,0.5322916122288999,0.5757575757575758,0.9532828282828283
white,True,18,Ridge regression,0.5781199286144241,0.7431440903487345,0.3807753584705257,0.5063131313131313,0.952020202020202
white,True,18,SVR (RBF),0.5329842861328791,0.7074609974525417,0.5192855785673569,0.5555555555555556,0.9608585858585859
white,True,18,Random Forest,0.5339242047701644,0.6939756687589256,0.5099143206854346,0.571969696969697,0.9595959595959596
white,True,18,XGBoost,0.5407088994979858,0.7057833750458236,0.5043991105095234,0.5606060606060606,0.9608585858585859
white,True,18,LightGBM,0.5416767172629715,0.708488944153121,0.5113854210501706,0.5555555555555556,0.9595959595959596
white,True,18,Ordinal XGBoost,0.5381522129088198,0.7043943605377251,0.4916368558445324,0.5643939393939394,0.9545454545454546
white,True,19,Ridge regression,0.5531333052389333,0.7121173330276079,0.453017415352418,0.5555555555555556,0.9558080808080808
white,True,19,SVR (RBF),0.524141483023944,0.6878066965534924,0.5122304036196339,0.5606060606060606,0.9621212121212122
white,True,19,Random Forest,0.5099618864814572,0.6610816900801874,0.5460987449354875,0.5883838383838383,0.9659090909090909
white,True,19,XGBoost,0.5133239030838013,0.6639197476604698,0.5562787331287109,0.5871212121212122,0.9659090909090909
white,True,19,LightGBM,0.5237798471430368,0.6765575863901621,0.555031533634558,0.5808080808080808,0.9646464646464646
white,True,19,Ordinal XGBoost,0.5133277950734108,0.6588984156768921,0.5456279756473847,0.5795454545454546,0.9696969696969697
white,True,20,Ridge regression,0.5973611827483268,0.7783271120900062,0.399348324262389,0.48297604035308955,0.9546027742749055
white,True,20,SVR (RBF),0.547818398785522,0.7209196784195266,0.500120510966498,0.5397225725094578,0.9596469104665826
white,True,20,Random Forest,0.5480769214088886,0.7091978149422727,0.5190442798748054,0.5510718789407314,0.9621689785624212
white,True,20,XGBoost,0.5576122999191284,0.7154019370439139,0.5128642074311681,0.5359394703656999,0.9621689785624212
white,True,20,LightGBM,0.5572051967364082,0.7239318601692419,0.5160407079354083,0.5472887767969735,0.957124842370744
white,True,20,Ordinal XGBoost,0.5594961866269479,0.7188423347859189,0.5139733726289817,0.5460277427490542,0.9621689785624212
white,True,21,Ridge regression,0.5684287052650929,0.7209669029763334,0.4484962406015037,0.5315656565656566,0.9545454545454546
white,True,21,SVR (RBF),0.5388350291807731,0.6920768805172229,0.5184413501379858,0.5340909090909091,0.9621212121212122
white,True,21,Random Forest,0.5309544215604822,0.6755391339696255,0.5393143824924315,0.5681818181818182,0.9671717171717171
white,True,21,XGBoost,0.5290815830230713,0.6734688284683058,0.5570621707393641,0.5732323232323232,0.9659090909090909
white,True,21,LightGBM,0.5353572603648514,0.6780884267015721,0.5418933879820036,0.5429292929292929,0.9684343434343434
white,True,21,Ordinal XGBoost,0.5301088765226942,0.6760689955655503,0.5371804236669101,0.5593434343434344,0.9659090909090909
white,True,22,Ridge regression,0.5835320058411787,0.7529692604172422,0.4396057794935244,0.5265151515151515,0.9419191919191919
white,True,22,SVR (RBF),0.5463442273112346,0.7240359509488684,0.5374858830683694,0.5593434343434344,0.9494949494949495
white,True,22,Random Forest,0.5391195512423416,0.7021969367144715,0.5483127134051704,0.5669191919191919,0.9558080808080808
white,True,22,XGBoost,0.5460385084152222,0.7053891497174184,0.5500021622037179,0.5568181818181818,0.9570707070707071
white,True,22,LightGBM,0.5450238038535518,0.7083681971847531,0.5688267124191633,0.5568181818181818,0.9595959595959596
white,True,22,Ordinal XGBoost,0.5356704893879293,0.7010868452005632,0.5422743830005372,0.5732323232323232,0.9532828282828283
white,True,23,Ridge regression,0.5781011553096582,0.7631839129795981,0.4153664798326995,0.547979797979798,0.9419191919191919
white,True,23,SVR (RBF),0.5491364181647227,0.7274567701089669,0.5217743183553761,0.5568181818181818,0.9558080808080808
white,True,23,Random Forest,0.5572658847068569,0.7279934835262645,0.5223075516547815,0.5681818181818182,0.9545454545454546
white,True,23,XGBoost,0.5558216571807861,0.7237513724332193,0.5146712598224568,0.5593434343434344,0.9558080808080808
white,True,23,LightGBM,0.5610484362889581,0.7354108853406566,0.5321212721688299,0.5631313131313131,0.9532828282828283
white,True,23,Ordinal XGBoost,0.5458067722823,0.7170610202754225,0.5061146001570722,0.5808080808080808,0.952020202020202
white,True,24,Ridge regression,0.5671124076308817,0.7314881424821332,0.38184438040345814,0.5126262626262627,0.9532828282828283
white,True,24,SVR (RBF),0.5322788932183024,0.7003779173010586,0.5084040851482713,0.5631313131313131,0.9595959595959596
white,True,24,Random Forest,0.5268992118758533,0.6788126423335971,0.5378570349100801,0.5782828282828283,0.9671717171717171
white,True,24,XGBoost,0.5332606434822083,0.6841664776083545,0.5141817456756891,0.5568181818181818,0.9633838383838383
white,True,24,LightGBM,0.536526080526375,0.689011243714399,0.5307007975177562,0.5606060606060606,0.9633838383838383
white,True,24,Ordinal XGBoost,0.5261509431262981,0.6797770348023484,0.5215229293284445,0.5732323232323232,0.9621212121212122
