fold,mae_all,mae_twin,mae_unique,frac_twin,type
0,0.4366939318783068,0.21106417410714262,0.49310137132109794,0.2,red
1,0.441562429728836,0.223396684303351,0.5083478620019436,0.234375,red
2,0.43378925264550255,0.23114220435648977,0.4980025148605396,0.240625,red
3,0.4296238508597884,0.2070838378879616,0.5264237668161436,0.303125,red
4,0.38291004386302196,0.17544695487161258,0.44447429384827764,0.22884012539184953,red
5,0.40481271494708987,0.21846653091060964,0.46285496899123957,0.2375,red
6,0.4304039641203703,0.24000113620946942,0.49177347063710697,0.24375,red
7,0.44490434365981235,0.21001281522710075,0.5193349925870502,0.240625,red
8,0.4343644634589946,0.1909042041180596,0.5196269171522335,0.259375,red
9,0.41131541116494097,0.16613613000755864,0.48024131349834154,0.219435736677116,red
10,0.4343996785332722,0.1768196959534987,0.5078461795901555,0.221875,red
11,0.42665021457130836,0.2087039031058019,0.4980931963380096,0.246875,red
12,0.4367313834024772,0.22145290616246482,0.4948224010704171,0.2125,red
13,0.41856885386026005,0.1694606509539842,0.4948264669948343,0.234375,red
14,0.42223915260984224,0.2304904531861053,0.4751617936507937,0.21630094043887146,red
15,0.4177772005772006,0.20731623931623952,0.48561172528114677,0.24375,red
16,0.4304579271133958,0.19397563251563255,0.5028504662759764,0.234375,red
17,0.43619732556216934,0.21771262733949318,0.49405690967647486,0.209375,red
18,0.4114348413449974,0.20530208261755872,0.4848041283496791,0.2625,red
19,0.43418578379706907,0.20258868538868544,0.4934527577992145,0.20376175548589343,red
20,0.421835900297619,0.20030533509700182,0.4861512256784434,0.225,red
21,0.4280394559433621,0.17736642128671104,0.49694957304021037,0.215625,red
22,0.41435220809283296,0.20314924782678404,0.4724119860145755,0.215625,red
23,0.4303528315145503,0.1910250592661305,0.5155372928233097,0.2625,red
24,0.4299317537217224,0.1933758562637872,0.5186402152684481,0.2727272727272727,red
0,0.4322054313789007,0.22067584267584262,0.5193775673573944,0.29183673469387755,white
1,0.41902390265630074,0.20695280377991412,0.5162231563079778,0.3142857142857143,white
2,0.4438111390876697,0.20738922134510362,0.5511480928402294,0.3122448979591837,white
3,0.4472799863568504,0.20610326427958003,0.546322300178208,0.29111338100102147,white
4,0.46485749415907746,0.20322125738962468,0.5771510030791054,0.3003064351378958,white
5,0.4529223341945281,0.21647307461405202,0.5410112740382349,0.2714285714285714,white
6,0.4551980040839735,0.1991898473724133,0.5703259325459769,0.31020408163265306,white
7,0.46825996112730806,0.21753992551081583,0.5746702088017496,0.2979591836734694,white
8,0.4472600927805217,0.1886988650271568,0.5513513606869623,0.2870275791624106,white
9,0.42425554616004063,0.21659176680706937,0.5078565805413944,0.2870275791624106,white
10,0.465719615333646,0.20898452518417804,0.572568901407413,0.2938775510204082,white
11,0.43985962769279097,0.19641511680156043,0.5391961809874884,0.2897959183673469,white
12,0.4594663159780507,0.20812849184485552,0.557505892767595,0.28061224489795916,white
13,0.4264422040619692,0.20676892064526475,0.5139976984523413,0.2849846782431052,white
14,0.4514774839751857,0.20837737203059783,0.5483702428788143,0.2849846782431052,white
15,0.44535448937872407,0.20403462329673405,0.5462827691148964,0.29489795918367345,white
16,0.43464124186471115,0.21478097130556137,0.5339855122655123,0.3112244897959184,white
17,0.44078538445681303,0.20522988076067789,0.5331338489740479,0.2816326530612245,white
18,0.43552250401197395,0.21323922204999252,0.527712246675397,0.2931562819203269,white
19,0.4629726519083004,0.21637011758385793,0.5530840382304817,0.2676200204290092,white
20,0.4584463847282725,0.19765665738019741,0.5596593950588286,0.2795918367346939,white
21,0.45788605848988495,0.22603373022674486,0.5469592693480405,0.27755102040816326,white
22,0.4256914834692896,0.20242759482558814,0.52371777231579,0.3051020408163265,white
23,0.4476906287164203,0.21283989518035562,0.5534604405608109,0.3105209397344229,white
24,0.44170018034777997,0.20314781211049865,0.5316186538886962,0.27374872318692545,white
