direction,rep,MAE_zero,RMSE_zero,QWK_zero,Acc_zero,Acc1_zero,MAE_bias,RMSE_bias,QWK_bias,Acc_bias,Acc1_bias,cov_src_cal,width_src_cal,cov_tgt_cal,width_tgt_cal,cov_bias_cal,width_bias_cal
red->white,0,0.6507526827241373,0.8255203361044142,0.26986977624996056,0.4672364672364672,0.9238539238539238,0.65152073148803,0.8256692528273064,0.27952121157391396,0.4654234654234654,0.9269619269619269,0.8414918414918415,2.2121105194091797,0.9052059052059052,2.8005905151367188,0.8948458948458948,2.7080420112609858
red->white,1,0.6511518750836645,0.8359961382214733,0.306427791528073,0.47422947422947426,0.9171199171199171,0.6364565513752125,0.8053010493339959,0.30201709209169847,0.481999481999482,0.9282569282569283,0.8342398342398343,2.190645217895508,0.893032893032893,2.7332496643066406,0.8567728567728568,2.323871784210205
red->white,2,0.6413135976872892,0.8141196570691662,0.3314379766484097,0.47267547267547266,0.9277389277389277,0.6416989238173874,0.8143099591115832,0.33247921871287733,0.47267547267547266,0.927997927997928,0.858067858067858,2.31014347076416,0.9215229215229215,2.9251813888549805,0.9215229215229215,2.9175866508483885
red->white,3,0.6538089234975297,0.8206296692166108,0.306891182373063,0.45584045584045585,0.9217819217819218,0.6497748949909976,0.8223910810506688,0.3029439578721833,0.4636104636104636,0.9342139342139342,0.8378658378658379,2.2053632736206055,0.9422429422429422,3.2153091430664062,0.9173789173789174,2.793187370300293
red->white,4,0.6582979002445974,0.8329976156736829,0.26097652640974645,0.4568764568764569,0.9202279202279202,0.6583196881150248,0.8319175353066331,0.260027171173593,0.46024346024346025,0.9246309246309247,0.8142968142968143,2.036374092102051,0.9526029526029526,3.393446922302246,0.9453509453509453,3.263837862014771
red->white,5,0.6546854862923512,0.8431998574005537,0.26399122119454455,0.473970473970474,0.918932918932919,0.6510973615666121,0.8305775173226262,0.22657720528283232,0.4700854700854701,0.9241129241129241,0.7948717948717948,2.0123071670532227,0.8712768712768713,2.5348825454711914,0.8868168868168869,2.630572385787964
red->white,6,0.634846726219693,0.8051874229916381,0.31173288929286,0.47915047915047915,0.929033929033929,0.6316993190204192,0.7999053127861142,0.31447721788128336,0.47966847966847964,0.9334369334369335,0.8523698523698524,2.2584304809570312,0.9316239316239316,3.037853240966797,0.9153069153069153,2.833824367523194
red->white,7,0.6223578830976864,0.7994345765175965,0.3200735142196489,0.5009065009065009,0.934990934990935,0.622541158217218,0.8009683076902985,0.3269839356837815,0.5006475006475006,0.9352499352499353,0.8554778554778555,2.2337512969970703,0.8021238021238021,1.939126968383789,0.8186998186998187,2.022316131591797
red->white,8,0.6427726033005002,0.8199288899255835,0.31319596062007815,0.4731934731934732,0.9233359233359233,0.6439290661615463,0.8120954340110474,0.31673949442561367,0.4718984718984719,0.9303289303289304,0.7995337995337995,1.939539909362793,0.9145299145299145,2.9052276611328125,0.9026159026159026,2.7362598705291745
red->white,9,0.6554187518023235,0.8274253064164634,0.32481355369566867,0.4594664594664595,0.9241129241129241,0.6553453473740987,0.8272539119178853,0.32567103216260573,0.45998445998445997,0.9243719243719244,0.8282828282828283,2.08535099029541,0.8912198912198912,2.678924560546875,0.8914788914788915,2.6823925781250004
white->red,0,1.0774580530934716,1.2849528269235935,0.1646569363939735,0.23510722795869737,0.7307386814932486,0.6441181040132111,0.8171083274732128,0.3011719718583358,0.46624305003971406,0.937251787132645,0.6123907863383637,2.4289331436157227,0.880857823669579,3.94052791595459,0.9364575059571089,2.9560947275161737
white->red,1,1.0990120179128609,1.3199196119945884,0.1260538847462226,0.2255758538522637,0.7196187450357426,0.6670890282524116,0.8413308727401341,0.25097815184890815,0.4670373312152502,0.920571882446386,0.574265289912629,2.2285690307617188,0.9189833200953137,4.482403755187988,0.8927720413026211,2.728722848892211
white->red,2,1.127607433260008,1.3423994652719458,0.15259515046788186,0.22319301032565528,0.7148530579825259,0.6639136476115257,0.8467530498406316,0.3132521510368135,0.4598888006354249,0.9285146942017474,0.534551231135822,2.204313278198242,0.9285146942017474,4.512248516082764,0.9285146942017474,3.0177086639404287
white->red,3,0.9455888400104332,1.1541664828313436,0.2046204509083841,0.2891183478951549,0.7815726767275616,0.6409713815355037,0.8071740442649885,0.3394020465029366,0.47736298649722003,0.9356632247815727,0.6481334392374901,2.1959457397460938,0.8943606036536934,3.7334423065185547,0.8792692613185068,2.4724519205093394
white->red,4,1.0211058941220745,1.2336382764411644,0.18071456270323827,0.2597299444003177,0.7569499602859412,0.6402706536951285,0.8223238303292735,0.30881141916003274,0.47736298649722003,0.9340746624305004,0.625099285146942,2.303945541381836,0.8816521048451151,3.8196001052856445,0.9340746624305004,2.9928909492492686
white->red,5,0.9266766081545635,1.1310137750974854,0.18313738657991496,0.3177124702144559,0.8006354249404289,0.6191264061893708,0.7786609518234067,0.351250236673769,0.4868943606036537,0.9459888800635425,0.6330420969023034,2.271580696105957,0.8602065131056394,3.290402412414551,0.8745035742652899,2.3886569690704356
white->red,6,1.0367215598169255,1.2363596547235083,0.17045907682740635,0.24066719618745036,0.7339158061953932,0.629490972852972,0.802673662396215,0.32131714517335186,0.48610007942811756,0.9332803812549643,0.5885623510722796,2.2342586517333984,0.880857823669579,3.7689990997314453,0.8816521048451151,2.41337342262268
white->red,7,0.9987136677582175,1.2149150265665154,0.17061895693702367,0.28276409849086576,0.7625099285146942,0.6489217412197184,0.8277472945281079,0.2587058121052187,0.4614773629864972,0.9221604447974583,0.6163621922160445,2.2582216262817383,0.818109610802224,3.342442512512207,0.9213661636219221,2.9877071285247805
white->red,8,1.0276973861091376,1.230547381985296,0.1886861293417602,0.25178713264495634,0.7434471803018269,0.6366584502864774,0.8051673036436814,0.35875293008094356,0.48768864177918986,0.9404289118347895,0.6084193804606831,2.273944854736328,0.8546465448768864,3.615093231201172,0.8347895154884829,2.167024097442628
white->red,9,1.1808852640005025,1.3845257886273004,0.14919605583639595,0.18903891977760126,0.6965845909451946,0.6382991201788589,0.8178157317655244,0.31216927873393685,0.4694201747418586,0.931691818903892,0.5131056393963463,2.2198710441589355,0.9062748212867355,4.451666831970215,0.9285146942017474,2.9264576244354252
